party,number
par,1
prea,4
asdf,6
asa,5
prea,4
asdf,6
asa,5
prea,4
asdf,6
asa,5
prea,4
asdf,6
asa,5
prea,4
asdf,6
asa,5
prea,4
asdf,6
asa,5
prea,4
asdf,6
asa,5
prea,4
asdf,6
asa,5
prea,4
asdf,6
asa,5
prea,4
asdf,6
asa,5
prea,4
asdf,6
asa,5
prea,4
asdf,6
asa,5
prea,4
asdf,6
asa,5
prea,4
asdf,6
asa,5
prea,4
asdf,6
asa,5
prea,4
asdf,6
asa,5
prea,4
asdf,6
asa,5
prea,4
asdf,6
asa,5
prea,4
asdf,6
asa,5
asa,5
prea,4
asdf,6
asa,5
prea,4
asdf,6
asa,5
prea,4
asdf,6
asa,5
prea,4
asdf,6
asa,5
prea,4
asdf,6
asa,5
prea,4
asdf,6
asa,5
prea,4
asdf,6
asa,5
asa,5
prea,4
asdf,6
asa,5
prea,4
asdf,6
asa,5
prea,4
asdf,6
asa,5
prea,4
asdf,6
asa,5
prea,4
asdf,6
asa,5
prea,4
asdf,6
asa,5
prea,4
asdf,6
asa,5
asa,5
prea,4
asdf,6
asa,5
prea,4
asdf,6
asa,5
prea,4
asdf,6
asa,5
prea,4
asdf,6
asa,5
prea,4
asdf,6
asa,5
prea,4
asdf,6
asa,5
prea,4
asdf,6
asa,5
asa,5
prea,4
asdf,6
asa,5
prea,4
asdf,6
asa,5
prea,4
asdf,6
asa,5
prea,4
asdf,6
asa,5
prea,4
asdf,6
asa,5
prea,4
asdf,6
asa,5
prea,4
asdf,6
asa,5
asa,5
prea,4
asdf,6
asa,5
prea,4
asdf,6
asa,5
prea,4
asdf,6
asa,5
prea,4
asdf,6
asa,5
prea,4
asdf,6
asa,5
prea,4
asdf,6
asa,5
prea,4
asdf,6
asa,5
asa,5
prea,4
asdf,6
asa,5
prea,4
asdf,6
asa,5
prea,4
asdf,6
asa,5
prea,4
asdf,6
asa,5
prea,4
asdf,6
asa,5
prea,4
asdf,6
asa,5
prea,4
asdf,6
asa,5
asa,5
prea,4
asdf,6
asa,5
prea,4
asdf,6
asa,5
prea,4
asdf,6
asa,5
prea,4
asdf,6
asa,204
prea,4
asdf,6
asa,5
prea,4
asdf,6
asa,5
prea,4
asdf,6
asa,5
asa,5
prea,4
asdf,6
asa,5
prea,4
asdf,6
asa,5
prea,4
asdf,6
asa,5
prea,4
asdf,6
asa,5
prea,4
asdf,6
asa,5
prea,4
asdf,6
asa,5
prea,4
asdf,6
asa,5
asa,5
prea,4
asdf,6
asa,5
prea,4
asdf,6
asa,5
prea,4
asdf,244
asa,5
prea,4
asdf,6
asa,5
prea,4
asdf,6
asa,5
prea,4
asdf,6
asa,5
prea,4
asdf,6
asa,5
asa,5
prea,4
asdf,6
asa,5
prea,4
asdf,6
asa,5
prea,4
asdf,6
asa,5
prea,4
asdf,6
asa,5
prea,4
asdf,6
asa,5
prea,4
asdf,6
asa,5
prea,4
asdf,6
asa,5
asa,5
prea,4
asdf,6
asa,5
prea,4
asdf,6
asa,5
prea,4
asdf,6
asa,5
prea,4
asdf,6
asa,5
prea,4
asdf,6
asa,5
prea,4
asdf,6
asa,5
prea,4
asdf,6
asa,5
asa,5
prea,4
asdf,6
asa,5
prea,4
asdf,6
asa,5
prea,4
asdf,6
asa,5
prea,4
asdf,6
asa,5
prea,4
asdf,6
asa,5
prea,4
asdf,6
asa,5
prea,4
asdf,6
asa,5
asa,5
prea,4
asdf,6
asa,5
prea,4
asdf,6
asa,5
prea,4
asdf,6
asa,5
prea,4
asdf,6
asa,5
prea,4
asdf,6
asa,5
prea,4
asdf,6
asa,5
prea,4
asdf,6
asa,5
asa,5
prea,4
asdf,6
asa,5
prea,4
asdf,6
asa,5
prea,4
asdf,6
asa,5
prea,4
asdf,6
asa,5
prea,4
asdf,6
asa,5
prea,4
asdf,6
asa,5
prea,4
asdf,6
asa,5
asa,5
prea,4
asdf,6
asa,5
prea,4
asdf,6
asa,5
prea,4
asdf,6
asa,5
prea,4
asdf,6
asa,5
prea,4
asdf,6
asa,5
prea,4
asdf,6
asa,5
prea,4
asdf,6
asa,5
asa,5
prea,4
asdf,6
asa,5
prea,4
asdf,6
asa,5
prea,4
asdf,6
asa,5
prea,4
asdf,6
asa,5
prea,4
asdf,6
asa,5
prea,4
asdf,6
asa,5
prea,4
asdf,6
asa,5
asa,5
prea,4
asdf,6
asa,5
prea,4
asdf,6
asa,5
prea,4
asdf,6
asa,5
prea,4
asdf,6
asa,5
prea,4
asdf,6
asa,5
prea,4
asdf,6
asa,5
prea,4
asdf,6
asa,5
asa,5
prea,4
asdf,6
asa,5
prea,4
asdf,6
asa,5
prea,4
asdf,6
asa,5
prea,4
asdf,6
asa,5
prea,4
asdf,6
asa,5
prea,4
asdf,6
asa,5
prea,4
asdf,6
asa,5
asa,5
prea,4
asdf,6
asa,5
prea,4
asdf,6
asa,5
prea,4
asdf,6
asa,5
prea,4
asdf,6
asa,5
prea,4
asdf,6
asa,5
prea,4
asdf,6
asa,5
prea,4
asdf,6
asa,5
asa,5
prea,4
asdf,6
asa,5
prea,4
asdf,6
asa,5
prea,4
asdf,6
asa,5
prea,4
asdf,6
asa,5
prea,4
asdf,6
asa,5
prea,4
asdf,6
asa,5
prea,4
asdf,6
asa,5
asa,5
prea,4
asdf,6
asa,5
prea,4
asdf,6
asa,5
prea,4
asdf,6
asa,5
prea,4
asdf,6
asa,5
prea,4
asdf,6
asa,5
prea,4
asdf,6
asa,5
prea,4
asdf,6
asa,521